,Order of Points,Origin_Destination,Path ID,Path Latitude,Path Longitude,Team

0,1.0,Origin,Oklahoma_0_1_ARI,35.2226,-97.4395,Oklahoma

0,2.0,Path,Oklahoma_0_1_ARI,35.214666497319804,-97.590227375148,Oklahoma_ARI

0,3.0,Path,Oklahoma_0_1_ARI,35.20662835352724,-97.7394181194036,Oklahoma_ARI

0,4.0,Path,Oklahoma_0_1_ARI,35.19840724913519,-97.88857899390493,Oklahoma_ARI

0,5.0,Path,Oklahoma_0_1_ARI,35.19000327689296,-98.03770934207375,Oklahoma_ARI

0,6.0,Path,Oklahoma_0_1_ARI,35.18141653155859,-98.18680850870005,Oklahoma_ARI

0,7.0,Path,Oklahoma_0_1_ARI,35.17264710989422,-98.3358758399701,Oklahoma_ARI

0,8.0,Path,Oklahoma_0_1_ARI,35.163695110661415,-98.4849106834946,Oklahoma_ARI

0,9.0,Path,Oklahoma_0_1_ARI,35.154560634616345,-98.63391238833638,Oklahoma_ARI

0,10.0,Path,Oklahoma_0_1_ARI,35.1452437845049,-98.78288030503825,Oklahoma_ARI

0,11.0,Path,Oklahoma_0_1_ARI,35.13574466505771,-98.93181378565052,Oklahoma_ARI

0,12.0,Path,Oklahoma_0_1_ARI,35.12606338298514,-99.08071218375838,Oklahoma_ARI

0,13.0,Path,Oklahoma_0_1_ARI,35.116200046972054,-99.22957485450928,Oklahoma_ARI

0,14.0,Path,Oklahoma_0_1_ARI,35.106154767672564,-99.37840115463992,Oklahoma_ARI

0,15.0,Path,Oklahoma_0_1_ARI,35.095927657704806,-99.52719044250328,Oklahoma_ARI

0,16.0,Path,Oklahoma_0_1_ARI,35.08551883164538,-99.67594207809543,Oklahoma_ARI

0,17.0,Path,Oklahoma_0_1_ARI,35.074928406023936,-99.8246554230821,Oklahoma_ARI

0,18.0,Path,Oklahoma_0_1_ARI,35.064156499317555,-99.9733298408252,Oklahoma_ARI

0,19.0,Path,Oklahoma_0_1_ARI,35.053203231945055,-100.12196469640907,Oklahoma_ARI

0,20.0,Path,Oklahoma_0_1_ARI,35.04206872626124,-100.27055935666674,Oklahoma_ARI

0,21.0,Path,Oklahoma_0_1_ARI,35.03075310655108,-100.41911319020572,Oklahoma_ARI

0,22.0,Path,Oklahoma_0_1_ARI,35.019256499023676,-100.56762556743394,Oklahoma_ARI

0,23.0,Path,Oklahoma_0_1_ARI,35.00757903180641,-100.71609586058526,Oklahoma_ARI

0,24.0,Path,Oklahoma_0_1_ARI,34.995720834938645,-100.86452344374499,Oklahoma_ARI

0,25.0,Path,Oklahoma_0_1_ARI,34.98368204036575,-101.01290769287503,Oklahoma_ARI

0,26.0,Path,Oklahoma_0_1_ARI,34.971462781932686,-101.16124798583907,Oklahoma_ARI

0,27.0,Path,Oklahoma_0_1_ARI,34.95906319537775,-101.30954370242748,Oklahoma_ARI

0,28.0,Path,Oklahoma_0_1_ARI,34.94648341832611,-101.4577942243818,Oklahoma_ARI

0,29.0,Path,Oklahoma_0_1_ARI,34.933723590283336,-101.6059989354196,Oklahoma_ARI

0,30.0,Path,Oklahoma_0_1_ARI,34.920783852628816,-101.75415722125847,Oklahoma_ARI

0,31.0,Path,Oklahoma_0_1_ARI,34.90766434860906,-101.90226846964042,Oklahoma_ARI

0,32.0,Path,Oklahoma_0_1_ARI,34.894365223331064,-102.05033207035561,Oklahoma_ARI

0,33.0,Path,Oklahoma_0_1_ARI,34.88088662375541,-102.19834741526623,Oklahoma_ARI

0,34.0,Path,Oklahoma_0_1_ARI,34.86722869868943,-102.34631389833002,Oklahoma_ARI

0,35.0,Path,Oklahoma_0_1_ARI,34.853391598780235,-102.49423091562356,Oklahoma_ARI

0,36.0,Path,Oklahoma_0_1_ARI,34.839375476507726,-102.64209786536547,Oklahoma_ARI

0,37.0,Path,Oklahoma_0_1_ARI,34.82518048617742,-102.78991414793933,Oklahoma_ARI

0,38.0,Path,Oklahoma_0_1_ARI,34.810806783913364,-102.93767916591642,Oklahoma_ARI

0,39.0,Path,Oklahoma_0_1_ARI,34.79625452765078,-103.08539232407824,Oklahoma_ARI

0,40.0,Path,Oklahoma_0_1_ARI,34.78152387712888,-103.2330530294389,Oklahoma_ARI

0,41.0,Path,Oklahoma_0_1_ARI,34.76661499388341,-103.38066069126714,Oklahoma_ARI

0,42.0,Path,Oklahoma_0_1_ARI,34.751528041239155,-103.52821472110824,Oklahoma_ARI

0,43.0,Path,Oklahoma_0_1_ARI,34.73626318430252,-103.67571453280578,Oklahoma_ARI

0,44.0,Path,Oklahoma_0_1_ARI,34.72082058995388,-103.8231595425231,Oklahoma_ARI

0,45.0,Path,Oklahoma_0_1_ARI,34.70520042683995,-103.97054916876448,Oklahoma_ARI

0,46.0,Path,Oklahoma_0_1_ARI,34.68940286536604,-104.1178828323963,Oklahoma_ARI

0,47.0,Path,Oklahoma_0_1_ARI,34.67342807768827,-104.26515995666782,Oklahoma_ARI

0,48.0,Path,Oklahoma_0_1_ARI,34.65727623770579,-104.41237996723169,Oklahoma_ARI

0,49.0,Path,Oklahoma_0_1_ARI,34.64094752105279,-104.55954229216447,Oklahoma_ARI

0,50.0,Path,Oklahoma_0_1_ARI,34.62444210509056,-104.7066463619868,Oklahoma_ARI

0,51.0,Path,Oklahoma_0_1_ARI,34.607760168899475,-104.85369160968322,Oklahoma_ARI

0,52.0,Path,Oklahoma_0_1_ARI,34.590901893270875,-105.00067747072195,Oklahoma_ARI

0,53.0,Path,Oklahoma_0_1_ARI,34.57386746069893,-105.14760338307441,Oklahoma_ARI

0,54.0,Path,Oklahoma_0_1_ARI,34.55665705537242,-105.29446878723445,Oklahoma_ARI

0,55.0,Path,Oklahoma_0_1_ARI,34.539270863166465,-105.44127312623738,Oklahoma_ARI

0,56.0,Path,Oklahoma_0_1_ARI,34.52170907163421,-105.5880158456788,Oklahoma_ARI

0,57.0,Path,Oklahoma_0_1_ARI,34.50397186999845,-105.73469639373316,Oklahoma_ARI

0,58.0,Path,Oklahoma_0_1_ARI,34.48605944914319,-105.8813142211721,Oklahoma_ARI

0,59.0,Path,Oklahoma_0_1_ARI,34.46797200160511,-106.02786878138261,Oklahoma_ARI

0,60.0,Path,Oklahoma_0_1_ARI,34.449709721565114,-106.17435953038485,Oklahoma_ARI

0,61.0,Path,Oklahoma_0_1_ARI,34.43127280483964,-106.32078592684987,Oklahoma_ARI

0,62.0,Path,Oklahoma_0_1_ARI,34.41266144887207,-106.4671474321169,Oklahoma_ARI

0,63.0,Path,Oklahoma_0_1_ARI,34.393875852724044,-106.61344351021073,Oklahoma_ARI

0,64.0,Path,Oklahoma_0_1_ARI,34.37491621706666,-106.75967362785845,Oklahoma_ARI

0,65.0,Path,Oklahoma_0_1_ARI,34.35578274417169,-106.90583725450625,Oklahoma_ARI

0,66.0,Path,Oklahoma_0_1_ARI,34.33647563790281,-107.051933862336,Oklahoma_ARI

0,67.0,Path,Oklahoma_0_1_ARI,34.316995103706596,-107.1979629262812,Oklahoma_ARI

0,68.0,Path,Oklahoma_0_1_ARI,34.297341348603666,-107.34392392404331,Oklahoma_ARI

0,69.0,Path,Oklahoma_0_1_ARI,34.2775145811797,-107.48981633610724,Oklahoma_ARI

0,70.0,Path,Oklahoma_0_1_ARI,34.257515011576345,-107.635639645757,Oklahoma_ARI

0,71.0,Path,Oklahoma_0_1_ARI,34.23734285148222,-107.78139333909093,Oklahoma_ARI

0,72.0,Path,Oklahoma_0_1_ARI,34.21699831412376,-107.9270769050368,Oklahoma_ARI

0,73.0,Path,Oklahoma_0_1_ARI,34.19648161425609,-108.07268983536657,Oklahoma_ARI

0,74.0,Path,Oklahoma_0_1_ARI,34.17579296815384,-108.21823162471084,Oklahoma_ARI

0,75.0,Path,Oklahoma_0_1_ARI,34.15493259360184,-108.36370177057336,Oklahoma_ARI

0,76.0,Path,Oklahoma_0_1_ARI,34.13390070988594,-108.50909977334501,Oklahoma_ARI

0,77.0,Path,Oklahoma_0_1_ARI,34.112697537783646,-108.65442513631753,Oklahoma_ARI

0,78.0,Path,Oklahoma_0_1_ARI,34.09132329955477,-108.79967736569729,Oklahoma_ARI

0,79.0,Path,Oklahoma_0_1_ARI,34.06977821893209,-108.94485597061852,Oklahoma_ARI

0,80.0,Path,Oklahoma_0_1_ARI,34.048062521111895,-109.08996046315646,Oklahoma_ARI

0,81.0,Path,Oklahoma_0_1_ARI,34.02617643274452,-109.23499035834014,Oklahoma_ARI

0,82.0,Path,Oklahoma_0_1_ARI,34.0041201819249,-109.37994517416519,Oklahoma_ARI

0,83.0,Path,Oklahoma_0_1_ARI,33.98189399818302,-109.52482443160595,Oklahoma_ARI

0,84.0,Path,Oklahoma_0_1_ARI,33.95949811247441,-109.66962765462786,Oklahoma_ARI

0,85.0,Path,Oklahoma_0_1_ARI,33.936932757170474,-109.81435437019914,Oklahoma_ARI

0,86.0,Path,Oklahoma_0_1_ARI,33.91419816604898,-109.95900410830261,Oklahoma_ARI

0,87.0,Path,Oklahoma_0_1_ARI,33.89129457428437,-110.10357640194692,Oklahoma_ARI

0,88.0,Path,Oklahoma_0_1_ARI,33.868222218438106,-110.24807078717794,Oklahoma_ARI

0,89.0,Path,Oklahoma_0_1_ARI,33.844981336448924,-110.3924868030894,Oklahoma_ARI

0,90.0,Path,Oklahoma_0_1_ARI,33.8215721676232,-110.53682399183383,Oklahoma_ARI

0,91.0,Path,Oklahoma_0_1_ARI,33.79799495262518,-110.68108189863283,Oklahoma_ARI

0,92.0,Path,Oklahoma_0_1_ARI,33.77424993346714,-110.82526007178728,Oklahoma_ARI

0,93.0,Path,Oklahoma_0_1_ARI,33.75033735349968,-110.96935806268746,Oklahoma_ARI

0,94.0,Path,Oklahoma_0_1_ARI,33.72625745740188,-111.11337542582247,Oklahoma_ARI

0,95.0,Path,Oklahoma_0_1_ARI,33.7020104911714,-111.25731171878996,Oklahoma_ARI

0,96.0,Path,Oklahoma_0_1_ARI,33.677596702114755,-111.40116650230522,Oklahoma_ARI

0,97.0,Path,Oklahoma_0_1_ARI,33.6530163388373,-111.54493934021023,Oklahoma_ARI

0,98.0,Path,Oklahoma_0_1_ARI,33.62826965123339,-111.68862979948237,Oklahoma_ARI

0,99.0,Path,Oklahoma_0_1_ARI,33.6033568904765,-111.83223745024299,Oklahoma_ARI

0,100.0,Path,Oklahoma_0_1_ARI,33.57827830900924,-111.97576186576562,Oklahoma_ARI

0,101.0,Path,Oklahoma_0_1_ARI,33.55303416053339,-112.11920262248402,Oklahoma_ARI

0,102.0,Destination,Oklahoma_0_1_ARI,33.5276247,-112.26255929999999,ARI

1,1.0,Origin,Ohio State_0_2_SF,39.9623,-83.0007,Ohio State

1,2.0,Path,Ohio State_0_2_SF,40.00300667332906,-83.39236604762074,Ohio State_SF

1,3.0,Path,Ohio State_0_2_SF,40.042006094668174,-83.78056833628247,Ohio State_SF

1,4.0,Path,Ohio State_0_2_SF,40.07970858207609,-84.1692075860616,Ohio State_SF

1,5.0,Path,Ohio State_0_2_SF,40.11611096391522,-84.55827003434501,Ohio State_SF

1,6.0,Path,Ohio State_0_2_SF,40.15121016910532,-84.94774177883772,Ohio State_SF

1,7.0,Path,Ohio State_0_2_SF,40.18500322828098,-85.33760878157021,Ohio State_SF

1,8.0,Path,Ohio State_0_2_SF,40.21748727491631,-85.7278568730083,Ohio State_SF

1,9.0,Path,Ohio State_0_2_SF,40.24865954641587,-86.11847175626299,Ohio State_SF

1,10.0,Path,Ohio State_0_2_SF,40.278517385171355,-86.50943901139792,Ohio State_SF

1,11.0,Path,Ohio State_0_2_SF,40.30705823958223,-86.90074409983153,Ohio State_SF

1,12.0,Path,Ohio State_0_2_SF,40.334279665040334,-87.2923723688313,Ohio State_SF

1,13.0,Path,Ohio State_0_2_SF,40.360179324876704,-87.68430905609662,Ohio State_SF

1,14.0,Path,Ohio State_0_2_SF,40.38475499127045,-88.07653929442786,Ohio State_SF

1,15.0,Path,Ohio State_0_2_SF,40.40800454611837,-88.4690481164776,Ohio State_SF

1,16.0,Path,Ohio State_0_2_SF,40.42992598186476,-88.86182045958134,Ohio State_SF

1,17.0,Path,Ohio State_0_2_SF,40.450517402290565,-89.2548411706639,Ohio State_SF

1,18.0,Path,Ohio State_0_2_SF,40.46977702326102,-89.64809501121775,Ohio State_SF

1,19.0,Path,Ohio State_0_2_SF,40.48770317343142,-90.04156666235001,Ohio State_SF

1,20.0,Path,Ohio State_0_2_SF,40.504294294909926,-90.43524072989393,Ohio State_SF

1,21.0,Path,Ohio State_0_2_SF,40.5195489438771,-90.82910174958116,Ohio State_SF

1,22.0,Path,Ohio State_0_2_SF,40.53346579116143,-91.22313419227069,Ohio State_SF

1,23.0,Path,Ohio State_0_2_SF,40.546043622770355,-91.61732246923063,Ohio State_SF

1,24.0,Path,Ohio State_0_2_SF,40.557281340376285,-92.01165093746822,Ohio State_SF

1,25.0,Path,Ohio State_0_2_SF,40.56717796175708,-92.40610390510446,Ohio State_SF

1,26.0,Path,Ohio State_0_2_SF,40.57573262119071,-92.80066563678838,Ohio State_SF

1,27.0,Path,Ohio State_0_2_SF,40.5829445698035,-93.19532035914732,Ohio State_SF

1,28.0,Path,Ohio State_0_2_SF,40.588813175871884,-93.59005226626799,Ohio State_SF

1,29.0,Path,Ohio State_0_2_SF,40.59333792507716,-93.98484552520482,Ohio State_SF

1,30.0,Path,Ohio State_0_2_SF,40.59651842071309,-94.37968428151002,Ohio State_SF

1,31.0,Path,Ohio State_0_2_SF,40.59835438384623,-94.77455266478177,Ohio State_SF

1,32.0,Path,Ohio State_0_2_SF,40.59884565342856,-95.1694347942254,Ohio State_SF

1,33.0,Path,Ohio State_0_2_SF,40.59799218636273,-95.56431478422316,Ohio State_SF

1,34.0,Path,Ohio State_0_2_SF,40.59579405751937,-95.95917674990801,Ohio State_SF

1,35.0,Path,Ohio State_0_2_SF,40.59225145970689,-96.35400481273672,Ohio State_SF

1,36.0,Path,Ohio State_0_2_SF,40.5873647035935,-96.74878310605793,Ohio State_SF

1,37.0,Path,Ohio State_0_2_SF,40.58113421758167,-97.14349578067014,Ohio State_SF

1,38.0,Path,Ohio State_0_2_SF,40.57356054763506,-97.53812701036539,Ohio State_SF

1,39.0,Path,Ohio State_0_2_SF,40.564644357058235,-97.93266099745425,Ohio State_SF

1,40.0,Path,Ohio State_0_2_SF,40.554386426229186,-98.32708197826683,Ohio State_SF

1,41.0,Path,Ohio State_0_2_SF,40.54278765228503,-98.72137422862639,Ohio State_SF

1,42.0,Path,Ohio State_0_2_SF,40.52984904876123,-99.11552206929002,Ohio State_SF

1,43.0,Path,Ohio State_0_2_SF,40.51557174518458,-99.50950987135286,Ohio State_SF

1,44.0,Path,Ohio State_0_2_SF,40.49995698662036,-99.90332206161105,Ohio State_SF

1,45.0,Path,Ohio State_0_2_SF,40.48300613317421,-100.29694312787922,Ohio State_SF

1,46.0,Path,Ohio State_0_2_SF,40.464720659449014,-100.6903576242584,Ohio State_SF

1,47.0,Path,Ohio State_0_2_SF,40.44510215395753,-101.08355017635004,Ohio State_SF

1,48.0,Path,Ohio State_0_2_SF,40.42415231849107,-101.47650548641248,Ohio State_SF

1,49.0,Path,Ohio State_0_2_SF,40.40187296744507,-101.86920833845525,Ohio State_SF

1,50.0,Path,Ohio State_0_2_SF,40.37826602710206,-102.26164360326796,Ohio State_SF

1,51.0,Path,Ohio State_0_2_SF,40.35333353487264,-102.65379624337976,Ohio State_SF

1,52.0,Path,Ohio State_0_2_SF,40.32707763849541,-103.04565131794561,Ohio State_SF

1,53.0,Path,Ohio State_0_2_SF,40.299500595196314,-103.43719398755583,Ohio State_SF

1,54.0,Path,Ohio State_0_2_SF,40.27060477080836,-103.82840951896574,Ohio State_SF

1,55.0,Path,Ohio State_0_2_SF,40.24039263885249,-104.2192832897416,Ohio State_SF

1,56.0,Path,Ohio State_0_2_SF,40.20886677958043,-104.60980079282005,Ohio State_SF

1,57.0,Path,Ohio State_0_2_SF,40.17602987898036,-104.99994764097788,Ohio State_SF

1,58.0,Path,Ohio State_0_2_SF,40.1418847277464,-105.38970957120875,Ohio State_SF

1,59.0,Path,Ohio State_0_2_SF,40.106434220212705,-105.77907244900483,Ohio State_SF

1,60.0,Path,Ohio State_0_2_SF,40.06968135325323,-106.16802227253986,Ohio State_SF

1,61.0,Path,Ohio State_0_2_SF,40.03162922514819,-106.55654517675173,Ohio State_SF

1,62.0,Path,Ohio State_0_2_SF,39.992281034417985,-106.94462743732151,Ohio State_SF

1,63.0,Path,Ohio State_0_2_SF,39.95164007862593,-107.33225547454744,Ohio State_SF

1,64.0,Path,Ohio State_0_2_SF,39.9097097531505,-107.71941585711102,Ohio State_SF

1,65.0,Path,Ohio State_0_2_SF,39.86649354992849,-108.10609530573365,Ohio State_SF

1,66.0,Path,Ohio State_0_2_SF,39.82199505616989,-108.4922806967218,Ohio State_SF

1,67.0,Path,Ohio State_0_2_SF,39.77621795304561,-108.87795906539927,Ohio State_SF

1,68.0,Path,Ohio State_0_2_SF,39.72916601434947,-109.26311760942447,Ohio State_SF

1,69.0,Path,Ohio State_0_2_SF,39.68084310513498,-109.647743691992,Ohio State_SF

1,70.0,Path,Ohio State_0_2_SF,39.6312531803287,-110.03182484491676,Ohio State_SF

1,71.0,Path,Ohio State_0_2_SF,39.5804002833207,-110.41534877159964,Ohio State_SF

1,72.0,Path,Ohio State_0_2_SF,39.52828854453385,-110.79830334987405,Ohio State_SF

1,73.0,Path,Ohio State_0_2_SF,39.47492217997252,-111.18067663473214,Ohio State_SF

1,74.0,Path,Ohio State_0_2_SF,39.42030548975231,-111.56245686093025,Ohio State_SF

1,75.0,Path,Ohio State_0_2_SF,39.36444285661165,-111.94363244547313,Ohio State_SF

1,76.0,Path,Ohio State_0_2_SF,39.307338744406586,-112.32419198997624,Ohio State_SF

1,77.0,Path,Ohio State_0_2_SF,39.24899769658988,-112.70412428290636,Ohio State_SF

1,78.0,Path,Ohio State_0_2_SF,39.18942433467549,-113.08341830169994,Ohio State_SF

1,79.0,Path,Ohio State_0_2_SF,39.12862335668971,-113.46206321475961,Ohio State_SF

1,80.0,Path,Ohio State_0_2_SF,39.06659953560998,-113.84004838332872,Ohio State_SF

1,81.0,Path,Ohio State_0_2_SF,39.00335771779267,-114.2173633632444,Ohio State_SF

1,82.0,Path,Ohio State_0_2_SF,38.938902821390734,-114.5939979065696,Ohio State_SF

1,83.0,Path,Ohio State_0_2_SF,38.873239834762614,-114.96994196310419,Ohio State_SF

1,84.0,Path,Ohio State_0_2_SF,38.80637381487329,-115.34518568177685,Ohio State_SF

1,85.0,Path,Ohio State_0_2_SF,38.738309885688714,-115.71971941191718,Ohio State_SF

1,86.0,Path,Ohio State_0_2_SF,38.66905323656465,-116.09353370440991,Ohio State_SF

1,87.0,Path,Ohio State_0_2_SF,38.598609120630975,-116.46661931273195,Ohio State_SF

1,88.0,Path,Ohio State_0_2_SF,38.52698285317263,-116.83896719387346,Ohio State_SF

1,89.0,Path,Ohio State_0_2_SF,38.454179810008085,-117.21056850914374,Ohio State_SF

1,90.0,Path,Ohio State_0_2_SF,38.38020542586644,-117.58141462486402,Ohio State_SF

1,91.0,Path,Ohio State_0_2_SF,38.305065192764204,-117.95149711294776,Ohio State_SF

1,92.0,Path,Ohio State_0_2_SF,38.22876465838269,-118.32080775137078,Ohio State_SF

1,93.0,Path,Ohio State_0_2_SF,38.15130942444701,-118.68933852453212,Ohio State_SF

1,94.0,Path,Ohio State_0_2_SF,38.07270514510761,-119.0570816235075,Ohio State_SF

1,95.0,Path,Ohio State_0_2_SF,37.992957525325366,-119.42402944619758,Ohio State_SF

1,96.0,Path,Ohio State_0_2_SF,37.91207231926094,-119.79017459737211,Ohio State_SF

1,97.0,Path,Ohio State_0_2_SF,37.830055328669665,-120.15550988861267,Ohio State_SF

1,98.0,Path,Ohio State_0_2_SF,37.74691240130231,-120.52002833815492,Ohio State_SF

1,99.0,Path,Ohio State_0_2_SF,37.662649429313106,-120.8837231706337,Ohio State_SF

1,100.0,Path,Ohio State_0_2_SF,37.57727234767546,-121.24658781673197,Ohio State_SF

1,101.0,Path,Ohio State_0_2_SF,37.49078713260633,-121.60861591273611,Ohio State_SF

1,102.0,Destination,Ohio State_0_2_SF,37.403199799999996,-121.9698013,SF

2,1.0,Origin,Alabama_0_3_NYJ,33.2096,-87.5675,Alabama

2,2.0,Path,Alabama_0_3_NYJ,33.29264099269403,-87.44538284511387,Alabama_NYJ

2,3.0,Path,Alabama_0_3_NYJ,33.374733718240314,-87.32425783171624,Alabama_NYJ

2,4.0,Path,Alabama_0_3_NYJ,33.45670858838246,-87.20290412062839,Alabama_NYJ

2,5.0,Path,Alabama_0_3_NYJ,33.53856501232137,-87.08132089644675,Alabama_NYJ

2,6.0,Path,Alabama_0_3_NYJ,33.620302396908556,-86.95950734419095,Alabama_NYJ

2,7.0,Path,Alabama_0_3_NYJ,33.70192014664026,-86.83746264934418,Alabama_NYJ

2,8.0,Path,Alabama_0_3_NYJ,33.78341766365198,-86.71518599789435,Alabama_NYJ

2,9.0,Path,Alabama_0_3_NYJ,33.864794347712966,-86.5926765763755,Alabama_NYJ

2,10.0,Path,Alabama_0_3_NYJ,33.94604959622082,-86.46993357191012,Alabama_NYJ

2,11.0,Path,Alabama_0_3_NYJ,34.02718280419621,-86.34695617225191,Alabama_NYJ

2,12.0,Path,Alabama_0_3_NYJ,34.10819336427765,-86.22374356582921,Alabama_NYJ

2,13.0,Path,Alabama_0_3_NYJ,34.189080666716514,-86.1002949417889,Alabama_NYJ

2,14.0,Path,Alabama_0_3_NYJ,34.26984409937195,-85.97660949004133,Alabama_NYJ

2,15.0,Path,Alabama_0_3_NYJ,34.35048304770607,-85.85268640130529,Alabama_NYJ

2,16.0,Path,Alabama_0_3_NYJ,34.43099689477918,-85.72852486715414,Alabama_NYJ

2,17.0,Path,Alabama_0_3_NYJ,34.511385021245154,-85.6041240800622,Alabama_NYJ

2,18.0,Path,Alabama_0_3_NYJ,34.59164680534689,-85.47948323345209,Alabama_NYJ

2,19.0,Path,Alabama_0_3_NYJ,34.6717816229119,-85.35460152174237,Alabama_NYJ

2,20.0,Path,Alabama_0_3_NYJ,34.75178884734802,-85.2294781403962,Alabama_NYJ

2,21.0,Path,Alabama_0_3_NYJ,34.83166784963929,-85.10411228597033,Alabama_NYJ

2,22.0,Path,Alabama_0_3_NYJ,34.911417998341854,-84.97850315616495,Alabama_NYJ

2,23.0,Path,Alabama_0_3_NYJ,34.991038659580056,-84.85264994987422,Alabama_NYJ

2,24.0,Path,Alabama_0_3_NYJ,35.07052919704268,-84.72655186723722,Alabama_NYJ

2,25.0,Path,Alabama_0_3_NYJ,35.149888971979294,-84.60020810968985,Alabama_NYJ

2,26.0,Path,Alabama_0_3_NYJ,35.22911734319673,-84.47361788001733,Alabama_NYJ

2,27.0,Path,Alabama_0_3_NYJ,35.30821366705571,-84.34678038240729,Alabama_NYJ

2,28.0,Path,Alabama_0_3_NYJ,35.387177297467574,-84.2196948225036,Alabama_NYJ

2,29.0,Path,Alabama_0_3_NYJ,35.46600758589124,-84.09236040746097,Alabama_NYJ

2,30.0,Path,Alabama_0_3_NYJ,35.54470388133023,-83.96477634600008,Alabama_NYJ

2,31.0,Path,Alabama_0_3_NYJ,35.62326553032983,-83.8369418484636,Alabama_NYJ

2,32.0,Path,Alabama_0_3_NYJ,35.7016918769745,-83.70885612687266,Alabama_NYJ

2,33.0,Path,Alabama_0_3_NYJ,35.77998226288534,-83.5805183949844,Alabama_NYJ

2,34.0,Path,Alabama_0_3_NYJ,35.85813602721771,-83.45192786834977,Alabama_NYJ

2,35.0,Path,Alabama_0_3_NYJ,35.93615250665916,-83.32308376437253,Alabama_NYJ

2,36.0,Path,Alabama_0_3_NYJ,36.014031035427266,-83.19398530236846,Alabama_NYJ

2,37.0,Path,Alabama_0_3_NYJ,36.09177094526786,-83.06463170362579,Alabama_NYJ

2,38.0,Path,Alabama_0_3_NYJ,36.1693715654533,-82.93502219146602,Alabama_NYJ

2,39.0,Path,Alabama_0_3_NYJ,36.24683222278096,-82.80515599130554,Alabama_NYJ

2,40.0,Path,Alabama_0_3_NYJ,36.32415224157189,-82.67503233071808,Alabama_NYJ

2,41.0,Path,Alabama_0_3_NYJ,36.40133094366961,-82.54465043949784,Alabama_NYJ

2,42.0,Path,Alabama_0_3_NYJ,36.478367648439125,-82.4140095497233,Alabama_NYJ

2,43.0,Path,Alabama_0_3_NYJ,36.55526167276616,-82.28310889582188,Alabama_NYJ

2,44.0,Path,Alabama_0_3_NYJ,36.632012331056394,-82.15194771463528,Alabama_NYJ

2,45.0,Path,Alabama_0_3_NYJ,36.708618935235194,-82.02052524548563,Alabama_NYJ

2,46.0,Path,Alabama_0_3_NYJ,36.7850807947472,-81.88884073024225,Alabama_NYJ

2,47.0,Path,Alabama_0_3_NYJ,36.86139721655639,-81.75689341338943,Alabama_NYJ

2,48.0,Path,Alabama_0_3_NYJ,36.93756750514613,-81.62468254209467,Alabama_NYJ

2,49.0,Path,Alabama_0_3_NYJ,37.01359096251952,-81.49220736627794,Alabama_NYJ

2,50.0,Path,Alabama_0_3_NYJ,37.08946688819999,-81.35946713868151,Alabama_NYJ

2,51.0,Path,Alabama_0_3_NYJ,37.16519457923197,-81.22646111494066,Alabama_NYJ

2,52.0,Path,Alabama_0_3_NYJ,37.240773330181916,-81.09318855365518,Alabama_NYJ

2,53.0,Path,Alabama_0_3_NYJ,37.31620243313935,-80.95964871646156,Alabama_NYJ

2,54.0,Path,Alabama_0_3_NYJ,37.39148117771844,-80.82584086810596,Alabama_NYJ

2,55.0,Path,Alabama_0_3_NYJ,37.466608851059384,-80.69176427651807,Alabama_NYJ

2,56.0,Path,Alabama_0_3_NYJ,37.54158473783035,-80.5574182128857,Alabama_NYJ

2,57.0,Path,Alabama_0_3_NYJ,37.61640812022951,-80.42280195172995,Alabama_NYJ

2,58.0,Path,Alabama_0_3_NYJ,37.69107827798729,-80.28791477098159,Alabama_NYJ

2,59.0,Path,Alabama_0_3_NYJ,37.76559448836887,-80.15275595205783,Alabama_NYJ

2,60.0,Path,Alabama_0_3_NYJ,37.83995602617696,-80.01732477994003,Alabama_NYJ

2,61.0,Path,Alabama_0_3_NYJ,37.91416216375473,-79.8816205432523,Alabama_NYJ

2,62.0,Path,Alabama_0_3_NYJ,37.98821217098907,-79.74564253434066,Alabama_NYJ

2,63.0,Path,Alabama_0_3_NYJ,38.062105315314014,-79.60939004935328,Alabama_NYJ

2,64.0,Path,Alabama_0_3_NYJ,38.135840861714506,-79.47286238832123,Alabama_NYJ

2,65.0,Path,Alabama_0_3_NYJ,38.20941807273029,-79.33605885524024,Alabama_NYJ

2,66.0,Path,Alabama_0_3_NYJ,38.28283620846022,-79.19897875815306,Alabama_NYJ

2,67.0,Path,Alabama_0_3_NYJ,38.356094526566665,-79.06162140923287,Alabama_NYJ

2,68.0,Path,Alabama_0_3_NYJ,38.42919228228029,-78.92398612486728,Alabama_NYJ

2,69.0,Path,Alabama_0_3_NYJ,38.502128728405054,-78.78607222574311,Alabama_NYJ

2,70.0,Path,Alabama_0_3_NYJ,38.57490311532347,-78.64787903693221,Alabama_NYJ

2,71.0,Path,Alabama_0_3_NYJ,38.647514691002186,-78.50940588797774,Alabama_NYJ

2,72.0,Path,Alabama_0_3_NYJ,38.719962700997804,-78.37065211298155,Alabama_NYJ

2,73.0,Path,Alabama_0_3_NYJ,38.79224638846295,-78.23161705069221,Alabama_NYJ

2,74.0,Path,Alabama_0_3_NYJ,38.864364994152716,-78.09230004459374,Alabama_NYJ

2,75.0,Path,Alabama_0_3_NYJ,38.9363177564313,-77.95270044299541,Alabama_NYJ

2,76.0,Path,Alabama_0_3_NYJ,39.008103911279,-77.81281759912203,Alabama_NYJ

2,77.0,Path,Alabama_0_3_NYJ,39.07972269229948,-77.67265087120528,Alabama_NYJ

2,78.0,Path,Alabama_0_3_NYJ,39.151173330727296,-77.53219962257569,Alabama_NYJ

2,79.0,Path,Alabama_0_3_NYJ,39.22245505543579,-77.39146322175536,Alabama_NYJ

2,80.0,Path,Alabama_0_3_NYJ,39.29356709294525,-77.2504410425517,Alabama_NYJ

2,81.0,Path,Alabama_0_3_NYJ,39.3645086674314,-77.1091324641517,Alabama_NYJ

2,82.0,Path,Alabama_0_3_NYJ,39.43527900073419,-76.96753687121712,Alabama_NYJ

2,83.0,Path,Alabama_0_3_NYJ,39.50587731236686,-76.82565365398048,Alabama_NYJ

2,84.0,Path,Alabama_0_3_NYJ,39.57630281952546,-76.68348220834169,Alabama_NYJ

2,85.0,Path,Alabama_0_3_NYJ,39.64655473709847,-76.54102193596563,Alabama_NYJ

2,86.0,Path,Alabama_0_3_NYJ,39.716632277677064,-76.39827224438034,Alabama_NYJ

2,87.0,Path,Alabama_0_3_NYJ,39.78653465156533,-76.25523254707613,Alabama_NYJ

2,88.0,Path,Alabama_0_3_NYJ,39.85626106679115,-76.11190226360536,Alabama_NYJ

2,89.0,Path,Alabama_0_3_NYJ,39.925810729117224,-75.96828081968296,Alabama_NYJ

2,90.0,Path,Alabama_0_3_NYJ,39.995182842052536,-75.82436764728779,Alabama_NYJ

2,91.0,Path,Alabama_0_3_NYJ,40.06437660686409,-75.6801621847647,Alabama_NYJ

2,92.0,Path,Alabama_0_3_NYJ,40.13339122258905,-75.53566387692737,Alabama_NYJ

2,93.0,Path,Alabama_0_3_NYJ,40.202225886047266,-75.39087217516183,Alabama_NYJ

2,94.0,Path,Alabama_0_3_NYJ,40.270879791854064,-75.24578653753078,Alabama_NYJ

2,95.0,Path,Alabama_0_3_NYJ,40.339352132433426,-75.10040642887866,Alabama_NYJ

2,96.0,Path,Alabama_0_3_NYJ,40.40764209803162,-74.95473132093727,Alabama_NYJ

2,97.0,Path,Alabama_0_3_NYJ,40.47574887673108,-74.80876069243249,Alabama_NYJ

2,98.0,Path,Alabama_0_3_NYJ,40.54367165446473,-74.66249402919115,Alabama_NYJ

2,99.0,Path,Alabama_0_3_NYJ,40.61140961503069,-74.51593082424927,Alabama_NYJ

2,100.0,Path,Alabama_0_3_NYJ,40.67896194010727,-74.36907057796033,Alabama_NYJ

2,101.0,Path,Alabama_0_3_NYJ,40.74632780926853,-74.2219127981048,Alabama_NYJ

2,102.0,Destination,Alabama_0_3_NYJ,40.8135064,-74.074457,NYJ

3,1.0,Origin,Clemson_0_4_OAK,34.6851,-82.8364,Clemson

3,2.0,Path,Clemson_0_4_OAK,34.77839020999071,-83.2046902208324,Clemson_OAK

3,3.0,Path,Clemson_0_4_OAK,34.86965254392866,-83.57011400570889,Clemson_OAK

3,4.0,Path,Clemson_0_4_OAK,34.95981925222867,-83.93634498840427,Clemson_OAK

3,5.0,Path,Clemson_0_4_OAK,35.048884237453215,-84.30337783049933,Clemson_OAK

3,6.0,Path,Clemson_0_4_OAK,35.13684143952874,-84.67120700320939,Clemson_OAK

3,7.0,Path,Clemson_0_4_OAK,35.22368483723001,-85.03982678678366,Clemson_OAK

3,8.0,Path,Clemson_0_4_OAK,35.30940844967434,-85.40923126998347,Clemson_OAK

3,9.0,Path,Clemson_0_4_OAK,35.39400633782509,-85.7794143496413,Clemson_OAK

3,10.0,Path,Clemson_0_4_OAK,35.477472606003865,-86.15036973030267,Clemson_OAK

3,11.0,Path,Clemson_0_4_OAK,35.55980140341041,-86.52209092395279,Clemson_OAK

3,12.0,Path,Clemson_0_4_OAK,35.64098692564972,-86.89457124982965,Clemson_OAK

3,13.0,Path,Clemson_0_4_OAK,35.72102341626536,-87.26780383432569,Clemson_OAK

3,14.0,Path,Clemson_0_4_OAK,35.79990516827852,-87.64178161097927,Clemson_OAK

3,15.0,Path,Clemson_0_4_OAK,35.87762652573155,-88.0164973205584,Clemson_OAK

3,16.0,Path,Clemson_0_4_OAK,35.954181885235585,-88.39194351123773,Clemson_OAK

3,17.0,Path,Clemson_0_4_OAK,36.02956569752117,-88.76811253887067,Clemson_OAK

3,18.0,Path,Clemson_0_4_OAK,36.10377246899097,-89.14499656735805,Clemson_OAK

3,19.0,Path,Clemson_0_4_OAK,36.176796763273956,-89.52258756911506,Clemson_OAK

3,20.0,Path,Clemson_0_4_OAK,36.24863320277974,-89.90087732563742,Clemson_OAK

3,21.0,Path,Clemson_0_4_OAK,36.3192764702526,-90.27985742816841,Clemson_OAK

3,22.0,Path,Clemson_0_4_OAK,36.38872131032384,-90.65951927846794,Clemson_OAK

3,23.0,Path,Clemson_0_4_OAK,36.456962531061855,-91.03985408968457,Clemson_OAK

3,24.0,Path,Clemson_0_4_OAK,36.5239950055187,-91.4208528873319,Clemson_OAK

3,25.0,Path,Clemson_0_4_OAK,36.58981367327239,-91.80250651037015,Clemson_OAK

3,26.0,Path,Clemson_0_4_OAK,36.654413541963635,-92.1848056123935,Clemson_OAK

3,27.0,Path,Clemson_0_4_OAK,36.71778968882641,-92.56774066292459,Clemson_OAK

3,28.0,Path,Clemson_0_4_OAK,36.77993726221095,-92.95130194881628,Clemson_OAK

3,29.0,Path,Clemson_0_4_OAK,36.840851483098376,-93.33547957576161,Clemson_OAK

3,30.0,Path,Clemson_0_4_OAK,36.90052764660588,-93.7202634699123,Clemson_OAK

3,31.0,Path,Clemson_0_4_OAK,36.95896112348131,-94.10564337960605,Clemson_OAK

3,32.0,Path,Clemson_0_4_OAK,37.016147361586306,-94.49160887720328,Clemson_OAK

3,33.0,Path,Clemson_0_4_OAK,37.07208188736665,-94.87814936103283,Clemson_OAK

3,34.0,Path,Clemson_0_4_OAK,37.12676030730913,-95.26525405744735,Clemson_OAK

3,35.0,Path,Clemson_0_4_OAK,37.18017830938339,-95.65291202298779,Clemson_OAK

3,36.0,Path,Clemson_0_4_OAK,37.2323316644683,-96.04111214665686,Clemson_OAK

3,37.0,Path,Clemson_0_4_OAK,37.28321622776108,-96.42984315230146,Clemson_OAK

3,38.0,Path,Clemson_0_4_OAK,37.33282794016875,-96.81909360110308,Clemson_OAK

3,39.0,Path,Clemson_0_4_OAK,37.3811628296804,-97.20885189417619,Clemson_OAK

3,40.0,Path,Clemson_0_4_OAK,37.42821701271944,-97.5991062752734,Clemson_OAK

3,41.0,Path,Clemson_0_4_OAK,37.47398669547477,-97.98984483359698,Clemson_OAK

3,42.0,Path,Clemson_0_4_OAK,37.51846817520963,-98.38105550671541,Clemson_OAK

3,43.0,Path,Clemson_0_4_OAK,37.561657841547294,-98.77272608358423,Clemson_OAK

3,44.0,Path,Clemson_0_4_OAK,37.60355217773259,-99.16484420766979,Clemson_OAK

3,45.0,Path,Clemson_0_4_OAK,37.64414776186799,-99.55739738017448,Clemson_OAK

3,46.0,Path,Clemson_0_4_OAK,37.683441268123474,-99.95037296336226,Clemson_OAK

3,47.0,Path,Clemson_0_4_OAK,37.7214294679191,-100.34375818398267,Clemson_OAK

3,48.0,Path,Clemson_0_4_OAK,37.75810923107929,-100.73754013679158,Clemson_OAK

3,49.0,Path,Clemson_0_4_OAK,37.793477526957865,-101.13170578816712,Clemson_OAK

3,50.0,Path,Clemson_0_4_OAK,37.8275314255329,-101.52624197981848,Clemson_OAK

3,51.0,Path,Clemson_0_4_OAK,37.860268098470435,-101.92113543258561,Clemson_OAK

3,52.0,Path,Clemson_0_4_OAK,37.89168482015614,-102.31637275032784,Clemson_OAK

3,53.0,Path,Clemson_0_4_OAK,37.92177896869409,-102.71194042389868,Clemson_OAK

3,54.0,Path,Clemson_0_4_OAK,37.95054802687175,-103.10782483520475,Clemson_OAK

3,55.0,Path,Clemson_0_4_OAK,37.977989583090206,-103.50401226134585,Clemson_OAK

3,56.0,Path,Clemson_0_4_OAK,38.00410133225911,-103.90048887883411,Clemson_OAK

3,57.0,Path,Clemson_0_4_OAK,38.02888107665531,-104.2972407678887,Clemson_OAK

3,58.0,Path,Clemson_0_4_OAK,38.052326726744376,-104.69425391680372,Clemson_OAK

3,59.0,Path,Clemson_0_4_OAK,38.07443630196456,-105.09151422638628,Clemson_OAK

3,60.0,Path,Clemson_0_4_OAK,38.09520793147224,-105.48900751446132,Clemson_OAK

3,61.0,Path,Clemson_0_4_OAK,38.114639854848114,-105.88671952044031,Clemson_OAK

3,62.0,Path,Clemson_0_4_OAK,38.13273042276395,-106.28463590995044,Clemson_OAK

3,63.0,Path,Clemson_0_4_OAK,38.14947809760863,-106.68274227952092,Clemson_OAK

3,64.0,Path,Clemson_0_4_OAK,38.164881454073495,-107.081024161323,Clemson_OAK

3,65.0,Path,Clemson_0_4_OAK,38.17893917969618,-107.47946702796003,Clemson_OAK

3,66.0,Path,Clemson_0_4_OAK,38.19165007536242,-107.8780562973043,Clemson_OAK

3,67.0,Path,Clemson_0_4_OAK,38.20301305576552,-108.27677733737654,Clemson_OAK

3,68.0,Path,Clemson_0_4_OAK,38.213027149822835,-108.6756154712648,Clemson_OAK

3,69.0,Path,Clemson_0_4_OAK,38.22169150104924,-109.07455598207852,Clemson_OAK

3,70.0,Path,Clemson_0_4_OAK,38.22900536788681,-109.47358411793418,Clemson_OAK

3,71.0,Path,Clemson_0_4_OAK,38.23496812399068,-109.87268509696881,Clemson_OAK

3,72.0,Path,Clemson_0_4_OAK,38.23957925847079,-110.27184411237695,Clemson_OAK

3,73.0,Path,Clemson_0_4_OAK,38.24283837608924,-110.67104633746753,Clemson_OAK

3,74.0,Path,Clemson_0_4_OAK,38.244745197413,-111.07027693073645,Clemson_OAK

3,75.0,Path,Clemson_0_4_OAK,38.245299558922085,-111.46952104095107,Clemson_OAK

3,76.0,Path,Clemson_0_4_OAK,38.244501413072676,-111.86876381224218,Clemson_OAK

3,77.0,Path,Clemson_0_4_OAK,38.24235082831567,-112.26799038919992,Clemson_OAK

3,78.0,Path,Clemson_0_4_OAK,38.23884798907009,-112.66718592196914,Clemson_OAK

3,79.0,Path,Clemson_0_4_OAK,38.233993195651735,-113.06633557134042,Clemson_OAK

3,80.0,Path,Clemson_0_4_OAK,38.22778686415714,-113.46542451383266,Clemson_OAK

3,81.0,Path,Clemson_0_4_OAK,38.220229526302646,-113.86443794676315,Clemson_OAK

3,82.0,Path,Clemson_0_4_OAK,38.21132182921912,-114.26336109330111,Clemson_OAK

3,83.0,Path,Clemson_0_4_OAK,38.20106453520226,-114.66217920750084,Clemson_OAK

3,84.0,Path,Clemson_0_4_OAK,38.18945852141873,-115.06087757931036,Clemson_OAK

3,85.0,Path,Clemson_0_4_OAK,38.17650477956858,-115.4594415395516,Clemson_OAK

3,86.0,Path,Clemson_0_4_OAK,38.162204415504085,-115.85785646486866,Clemson_OAK

3,87.0,Path,Clemson_0_4_OAK,38.14655864880538,-116.25610778263967,Clemson_OAK

3,88.0,Path,Clemson_0_4_OAK,38.12956881231342,-116.65418097584892,Clemson_OAK

3,89.0,Path,Clemson_0_4_OAK,38.11123635162047,-117.0520615879155,Clemson_OAK

3,90.0,Path,Clemson_0_4_OAK,38.091562824518796,-117.44973522747472,Clemson_OAK

3,91.0,Path,Clemson_0_4_OAK,38.07054990040797,-117.84718757310857,Clemson_OAK

3,92.0,Path,Clemson_0_4_OAK,38.04819935966142,-118.24440437802207,Clemson_OAK

3,93.0,Path,Clemson_0_4_OAK,38.0245130929525,-118.64137147466178,Clemson_OAK

3,94.0,Path,Clemson_0_4_OAK,37.99949310054121,-119.03807477927316,Clemson_OAK

3,95.0,Path,Clemson_0_4_OAK,37.973141491521716,-119.43450029639376,Clemson_OAK

3,96.0,Path,Clemson_0_4_OAK,37.94546048303166,-119.83063412327866,Clemson_OAK

3,97.0,Path,Clemson_0_4_OAK,37.91645239942378,-120.22646245425553,Clemson_OAK

3,98.0,Path,Clemson_0_4_OAK,37.88611967140069,-120.6219715850059,Clemson_OAK

3,99.0,Path,Clemson_0_4_OAK,37.85446483511365,-121.01714791677026,Clemson_OAK

3,100.0,Path,Clemson_0_4_OAK,37.821490531225805,-121.41197796047364,Clemson_OAK

3,101.0,Path,Clemson_0_4_OAK,37.787199503941224,-121.80644834076968,Clemson_OAK

3,102.0,Destination,Clemson_0_4_OAK,37.7515946,-122.20054579999999,OAK
